Date;200WMA
2022-10-25 00:00:00+00:00;23815.139412841796
2022-11-01 00:00:00+00:00;23899.388681640627
2022-11-08 00:00:00+00:00;23963.3907421875
2022-11-15 00:00:00+00:00;24026.844833984374
2022-11-22 00:00:00+00:00;24091.148139648438
2022-11-29 00:00:00+00:00;24159.48050415039
2022-12-06 00:00:00+00:00;24226.550529785156
2022-12-13 00:00:00+00:00;24291.971231689455
2022-12-20 00:00:00+00:00;24357.129025878905
2022-12-27 00:00:00+00:00;24421.01854736328
2023-01-03 00:00:00+00:00;24486.716270751953
2023-01-10 00:00:00+00:00;24570.99411987305
2023-01-17 00:00:00+00:00;24664.48535888672
2023-01-24 00:00:00+00:00;24762.831169433593
2023-01-31 00:00:00+00:00;24851.615014648436
2023-02-07 00:00:00+00:00;24934.717419433593
2023-02-14 00:00:00+00:00;25029.782976074217
2023-02-21 00:00:00+00:00;25121.163344726563
2023-02-28 00:00:00+00:00;25204.362370605468
2023-03-07 00:00:00+00:00;25280.320258789063
2023-03-14 00:00:00+00:00;25379.52519042969
2023-03-21 00:00:00+00:00;25476.13076171875
2023-03-28 00:00:00+00:00;25573.412514648437
2023-04-04 00:00:00+00:00;25676.6373828125
2023-04-11 00:00:00+00:00;25783.24171875
2023-04-18 00:00:00+00:00;25866.921787109375
2023-04-25 00:00:00+00:00;25959.18004394531
2023-05-02 00:00:00+00:00;26044.200703125
2023-05-09 00:00:00+00:00;26127.573603515626
2023-05-16 00:00:00+00:00;26208.34720703125
2023-05-23 00:00:00+00:00;26301.011137695314
2023-05-30 00:00:00+00:00;26381.755546875
2023-06-06 00:00:00+00:00;26453.838491210936
2023-06-13 00:00:00+00:00;26533.79050292969
2023-06-20 00:00:00+00:00;26635.49922363281
2023-06-27 00:00:00+00:00;26739.813217773437
2023-07-04 00:00:00+00:00;26838.4630078125
2023-07-11 00:00:00+00:00;26937.970107421876
2023-07-18 00:00:00+00:00;27038.04083984375
2023-07-25 00:00:00+00:00;27143.896455078124
2023-08-01 00:00:00+00:00;27249.164953613283
2023-08-08 00:00:00+00:00;27353.974494628907
2023-08-15 00:00:00+00:00;27443.81202392578
2023-08-22 00:00:00+00:00;27526.501916503905
2023-08-29 00:00:00+00:00;27610.17297607422
2023-09-05 00:00:00+00:00;27694.05647705078
2023-09-12 00:00:00+00:00;27783.837536621093
2023-09-19 00:00:00+00:00;27879.882082519533
2023-09-26 00:00:00+00:00;27982.67937011719
2023-10-03 00:00:00+00:00;28084.533093261718
2023-10-10 00:00:00+00:00;28184.569846191407
2023-10-17 00:00:00+00:00;28296.981384277344
2023-10-24 00:00:00+00:00;28432.56052246094
2023-10-31 00:00:00+00:00;28570.750712890625
2023-11-07 00:00:00+00:00;28715.06083984375
2023-11-14 00:00:00+00:00;28858.462348632813
2023-11-21 00:00:00+00:00;29002.873803710936
2023-11-28 00:00:00+00:00;29156.043930664062
2023-12-05 00:00:00+00:00;29324.35905761719
2023-12-12 00:00:00+00:00;29481.510209960936
2023-12-19 00:00:00+00:00;29646.968217773436
2023-12-26 00:00:00+00:00;29815.481884765624
2024-01-02 00:00:00+00:00;29994.656791992187
2024-01-09 00:00:00+00:00;30176.676564941405
2024-01-16 00:00:00+00:00;30355.254216308593
2024-01-23 00:00:00+00:00;30535.821970214845
2024-01-30 00:00:00+00:00;30714.784233398437
2024-02-06 00:00:00+00:00;30921.398364257813
2024-02-13 00:00:00+00:00;31146.063974609377
2024-02-20 00:00:00+00:00;31366.330830078125
2024-02-27 00:00:00+00:00;31637.680341796877
2024-03-05 00:00:00+00:00;31938.997133789064
2024-03-12 00:00:00+00:00;32232.5965625
2024-03-19 00:00:00+00:00;32524.81558105469
2024-03-26 00:00:00+00:00;32834.178530273435
2024-04-02 00:00:00+00:00;33132.19704101563
2024-04-09 00:00:00+00:00;33413.95673339844
2024-04-16 00:00:00+00:00;33692.071806640626
2024-04-23 00:00:00+00:00;33961.92004882813
2024-04-30 00:00:00+00:00;34236.70600097656
2024-05-07 00:00:00+00:00;34497.565473632814
2024-05-14 00:00:00+00:00;34783.02822265625
2024-05-21 00:00:00+00:00;35076.09285644531
2024-05-28 00:00:00+00:00;35359.58279296875
2024-06-04 00:00:00+00:00;35649.44405761719
2024-06-11 00:00:00+00:00;35923.1752734375
2024-06-18 00:00:00+00:00;36180.75501953125
2024-06-25 00:00:00+00:00;36435.58895507813
2024-07-02 00:00:00+00:00;36663.43274414063
2024-07-09 00:00:00+00:00;36915.7529296875
2024-07-16 00:00:00+00:00;37201.834189453126
2024-07-23 00:00:00+00:00;37489.23717773437
2024-07-30 00:00:00+00:00;37726.47414550781
2024-08-06 00:00:00+00:00;37963.150659179686
2024-08-13 00:00:00+00:00;38198.15368652344
2024-08-20 00:00:00+00:00;38454.665532226565
2024-08-27 00:00:00+00:00;38672.607426757815
2024-09-03 00:00:00+00:00;38869.417421875
2024-09-10 00:00:00+00:00;39085.55366210938
2024-09-17 00:00:00+00:00;39311.94720703125
2024-09-24 00:00:00+00:00;39549.23630859375
2024-10-01 00:00:00+00:00;39766.60546875
2024-10-08 00:00:00+00:00;39985.1504296875
2024-10-15 00:00:00+00:00;40212.77247070312
2024-10-22 00:00:00+00:00;40421.05748046875
2024-10-29 00:00:00+00:00;40600.85294921875
2024-11-05 00:00:00+00:00;40811.4416796875
2024-11-12 00:00:00+00:00;41081.71455078125
2024-11-19 00:00:00+00:00;41410.3367578125
2024-11-26 00:00:00+00:00;41731.16390625
2024-12-03 00:00:00+00:00;42042.82677734375
2024-12-10 00:00:00+00:00;42320.73380859375
2024-12-17 00:00:00+00:00;42508.55876953125
2024-12-24 00:00:00+00:00;42750.5210546875
2024-12-31 00:00:00+00:00;42986.06240234375
2025-01-07 00:00:00+00:00;43161.9930078125
2025-01-14 00:00:00+00:00;43379.8239453125
2025-01-21 00:00:00+00:00;43613.48271484375
2025-01-28 00:00:00+00:00;43808.13482421875
2025-02-04 00:00:00+00:00;43989.61046875
2025-02-11 00:00:00+00:00;44189.40470703125
2025-02-18 00:00:00+00:00;44425.753046875
2025-02-25 00:00:00+00:00;44613.8394140625
2025-03-04 00:00:00+00:00;44725.68302734375
2025-03-11 00:00:00+00:00;44906.301171875
2025-03-18 00:00:00+00:00;45162.72013671875
2025-03-25 00:00:00+00:00;45396.002109375
2025-04-01 00:00:00+00:00;45607.76263671875
2025-04-08 00:00:00+00:00;45830.69822265625
2025-04-15 00:00:00+00:00;46078.07826171875
2025-04-22 00:00:00+00:00;46373.6042578125
2025-04-29 00:00:00+00:00;46668.745234375
2025-05-06 00:00:00+00:00;47018.07609375
2025-05-13 00:00:00+00:00;47391.32208007813
2025-05-20 00:00:00+00:00;47759.74809570312
2025-05-27 00:00:00+00:00;48088.13413085938
2025-06-03 00:00:00+00:00;48398.111787109374
2025-06-10 00:00:00+00:00;48690.63688476563
2025-06-17 00:00:00+00:00;48948.964326171874
2025-06-24 00:00:00+00:00;49246.74301757813
2025-07-01 00:00:00+00:00;49534.13631835938
2025-07-08 00:00:00+00:00;49899.40055664063
2025-07-15 00:00:00+00:00;50249.603408203126
2025-07-22 00:00:00+00:00;50630.80317382813
2025-07-29 00:00:00+00:00;50960.89176757813
2025-08-05 00:00:00+00:00;51283.567666015624
2025-08-12 00:00:00+00:00;51563.06489257813
2025-08-19 00:00:00+00:00;51825.70286132812
2025-08-26 00:00:00+00:00;52060.29163085938
2025-09-02 00:00:00+00:00;52299.49477539062
2025-09-09 00:00:00+00:00;52549.19885742188
2025-09-16 00:00:00+00:00;52832.076943359374
2025-09-23 00:00:00+00:00;53106.447861328124
2025-09-30 00:00:00+00:00;53477.171005859374
2025-10-07 00:00:00+00:00;53802.52815429687
2025-10-14 00:00:00+00:00;54112.326630859374
2025-10-21 00:00:00+00:00;54430.64127929688
2025-10-28 00:00:00+00:00;54747.113310546876
2025-11-04 00:00:00+00:00;55061.15350585937
2025-11-11 00:00:00+00:00;55316.46950195313
2025-11-18 00:00:00+00:00;55569.11051757813
2025-11-25 00:00:00+00:00;55831.494072265625
2025-12-02 00:00:00+00:00;56071.46010742187
2025-12-09 00:00:00+00:00;56301.348427734374
2025-12-16 00:00:00+00:00;56552.30028320313
2025-12-23 00:00:00+00:00;56802.93053710937
2025-12-30 00:00:00+00:00;57067.89807617188
2026-01-06 00:00:00+00:00;57332.78706054688
2026-01-13 00:00:00+00:00;57594.72008789062
2026-01-20 00:00:00+00:00;57793.478720703126
2026-01-27 00:00:00+00:00;57946.083115234374
2026-02-03 00:00:00+00:00;58086.36838867187
2026-02-10 00:00:00+00:00;58231.72456054688
2026-02-17 00:00:00+00:00;58372.675048828125
2026-02-24 00:00:00+00:00;58509.020087890625
2026-03-03 00:00:00+00:00;58668.57266601562
2026-03-10 00:00:00+00:00;58875.99666992188
2026-03-17 00:00:00+00:00;59063.604111328124
2026-03-24 00:00:00+00:00;59246.14893554687
2026-03-31 00:00:00+00:00;59441.5251171875
2026-04-07 00:00:00+00:00;59661.47890625
2026-04-14 00:00:00+00:00;59927.99430664063
2026-04-21 00:00:00+00:00;60216.14552734375
2026-04-28 00:00:00+00:00;60512.351279296876
2026-05-05 00:00:00+00:00;60818.743681640626
2026-05-12 00:00:00+00:00;61101.993720703125
2026-05-19 00:00:00+00:00;61373.85352539062
2026-05-26 00:00:00+00:00;61625.06748046875
2026-06-02 00:00:00+00:00;61825.385625
2026-06-09 00:00:00+00:00;62032.34094726563
2026-06-16 00:00:00+00:00;62240.85803710938
2026-06-23 00:00:00+00:00;62440.4356640625
2026-06-30 00:00:00+00:00;62658.24151367188
2026-07-07 00:00:00+00:00;62868.186328125
2026-07-14 00:00:00+00:00;63094.54282226563
2026-07-21 00:00:00+00:00;63327.23383789063
2026-07-28 00:00:00+00:00;63549.42330078125
2026-08-04 00:00:00+00:00;63776.41560546875
2026-08-11 00:00:00+00:00;63999.62806640625
2026-08-12 08:05:28+00:00;64221.88841796875
